{
    "user": "local_web",
    "key": "eBeQXcHBRlHuLf8UJnRuQ1ncIkrW93VyePOliJN8nm61Kww3jI",
  
    "capabilities": {
      "browserName": "Chrome",
      "browserVersion": "108.0",
      "LT:Options": {
        "platformName": "Windows 10",
        "w3c": true
      }
     // "build": "behave-test-lambdatest",
     // "name": "social_test",
     // "console": true,
      //"network": true
    },
  
    "environments": [{
      "browser": "chrome",
      "tunnel":false,
      "network":false,
      "visual":false
    }]
  }

 