

 {
  "user": "swaroopa",
  "key": "eBeQXcHBRlHuLf8UJnRuQ1ncIkrW93VyePOliJN8nm61Kww3jI",
  "capabilities":{
    "browserName": "Chrome",
    "browserVersion": "108.0", 
    "build": "parallel-test",
    "name": "parallel-test",
    "console": true,
    "network": false,
    "LT:Options": {
      "platformName": "Windows 10",
      "w3c": true

    }
  },
  "environments": [
    {
      "browser": "chrome",
      "tunnel": false,
      "network": false,
      "visual": false
    },
    {
      "browser": "firefox",
      "tunnel": false,
      "network": false,
      "visual": false
    }
  ]
}

















