

{
  "user": "swaroopa",
  "key": "eBeQXcHBRlHuLf8UJnRuQ1ncIkrW93VyePOliJN8nm61Kww3jI",
  "capabilities":{
    "browserName": "Chrome",
    "build": "single-test",
    "name": "single-test",
    "console": true,
    "network": false,
    "browserVersion": "108.0", 
    "LT:Options": {
      "platformName": "Windows 10",
      "w3c": true

    }
  },
  "environments": [
    {
      "browser": "chrome",
      "tunnel": false,
      "network": false,
      "visual": false
    }

  ]
}


